{
  "config": {
    "epochs_trained": 19,
    "max_epochs": 30,
    "batch_size": 16,
    "lr": 3e-05,
    "weight_decay": 0.001,
    "dropout_rate": 0.4,
    "early_stopping_patience": 4,
    "frozen_layers": [
      "conv1",
      "layer1",
      "layer2",
      "layer3"
    ]
  },
  "best_val_f1": 0.8691189000352564,
  "best_val_loss": 0.3152107462548373,
  "test_metrics": {
    "accuracy": 0.8692982456140351,
    "precision": 0.8537815125906927,
    "recall": 0.891228070159803,
    "f1": 0.8721029992791762,
    "auc": 0.9407325330871038
  },
  "training_time_minutes": 201.19898784160614
}