{
  "auc": 0.508095238095238,
  "optimal_threshold": 0.84,
  "diagnostics": {
    "threshold": 0.84,
    "metrics": {
      "accuracy": 0.5567928730512249,
      "precision": 0.6666666666666666,
      "recall": 0.22321428571428573,
      "f1": 0.33444816053511706,
      "fpr": 0.1111111111111111
    },
    "confusion_matrix": {
      "TP": 50,
      "TN": 200,
      "FP": 25,
      "FN": 174
    },
    "class_statistics": {
      "real": {
        "count": 225,
        "p_fake_mean": 0.8092176612218221,
        "p_fake_std": 0.02836213062077389,
        "p_fake_min": 0.5704173445701599,
        "p_fake_max": 0.8834231495857239
      },
      "fake": {
        "count": 224,
        "p_fake_mean": 0.8128971252590418,
        "p_fake_std": 0.03154668314087922,
        "p_fake_min": 0.7304424047470093,
        "p_fake_max": 0.9324344992637634
      }
    }
  },
  "threshold_analysis": {
    "0.0": {
      "accuracy": 0.49888641425389757,
      "fpr": 1.0,
      "tp": 224,
      "tn": 0,
      "fp": 225,
      "fn": 0
    },
    "0.01": {
      "accuracy": 0.49888641425389757,
      "fpr": 1.0,
      "tp": 224,
      "tn": 0,
      "fp": 225,
      "fn": 0
    },
    "0.02": {
      "accuracy": 0.49888641425389757,
      "fpr": 1.0,
      "tp": 224,
      "tn": 0,
      "fp": 225,
      "fn": 0
    },
    "0.03": {
      "accuracy": 0.49888641425389757,
      "fpr": 1.0,
      "tp": 224,
      "tn": 0,
      "fp": 225,
      "fn": 0
    },
    "0.04": {
      "accuracy": 0.49888641425389757,
      "fpr": 1.0,
      "tp": 224,
      "tn": 0,
      "fp": 225,
      "fn": 0
    },
    "0.05": {
      "accuracy": 0.49888641425389757,
      "fpr": 1.0,
      "tp": 224,
      "tn": 0,
      "fp": 225,
      "fn": 0
    },
    "0.06": {
      "accuracy": 0.49888641425389757,
      "fpr": 1.0,
      "tp": 224,
      "tn": 0,
      "fp": 225,
      "fn": 0
    },
    "0.07": {
      "accuracy": 0.49888641425389757,
      "fpr": 1.0,
      "tp": 224,
      "tn": 0,
      "fp": 225,
      "fn": 0
    },
    "0.08": {
      "accuracy": 0.49888641425389757,
      "fpr": 1.0,
      "tp": 224,
      "tn": 0,
      "fp": 225,
      "fn": 0
    },
    "0.09": {
      "accuracy": 0.49888641425389757,
      "fpr": 1.0,
      "tp": 224,
      "tn": 0,
      "fp": 225,
      "fn": 0
    },
    "0.1": {
      "accuracy": 0.49888641425389757,
      "fpr": 1.0,
      "tp": 224,
      "tn": 0,
      "fp": 225,
      "fn": 0
    },
    "0.11": {
      "accuracy": 0.49888641425389757,
      "fpr": 1.0,
      "tp": 224,
      "tn": 0,
      "fp": 225,
      "fn": 0
    },
    "0.12": {
      "accuracy": 0.49888641425389757,
      "fpr": 1.0,
      "tp": 224,
      "tn": 0,
      "fp": 225,
      "fn": 0
    },
    "0.13": {
      "accuracy": 0.49888641425389757,
      "fpr": 1.0,
      "tp": 224,
      "tn": 0,
      "fp": 225,
      "fn": 0
    },
    "0.14": {
      "accuracy": 0.49888641425389757,
      "fpr": 1.0,
      "tp": 224,
      "tn": 0,
      "fp": 225,
      "fn": 0
    },
    "0.15": {
      "accuracy": 0.49888641425389757,
      "fpr": 1.0,
      "tp": 224,
      "tn": 0,
      "fp": 225,
      "fn": 0
    },
    "0.16": {
      "accuracy": 0.49888641425389757,
      "fpr": 1.0,
      "tp": 224,
      "tn": 0,
      "fp": 225,
      "fn": 0
    },
    "0.17": {
      "accuracy": 0.49888641425389757,
      "fpr": 1.0,
      "tp": 224,
      "tn": 0,
      "fp": 225,
      "fn": 0
    },
    "0.18": {
      "accuracy": 0.49888641425389757,
      "fpr": 1.0,
      "tp": 224,
      "tn": 0,
      "fp": 225,
      "fn": 0
    },
    "0.19": {
      "accuracy": 0.49888641425389757,
      "fpr": 1.0,
      "tp": 224,
      "tn": 0,
      "fp": 225,
      "fn": 0
    },
    "0.2": {
      "accuracy": 0.49888641425389757,
      "fpr": 1.0,
      "tp": 224,
      "tn": 0,
      "fp": 225,
      "fn": 0
    },
    "0.21": {
      "accuracy": 0.49888641425389757,
      "fpr": 1.0,
      "tp": 224,
      "tn": 0,
      "fp": 225,
      "fn": 0
    },
    "0.22": {
      "accuracy": 0.49888641425389757,
      "fpr": 1.0,
      "tp": 224,
      "tn": 0,
      "fp": 225,
      "fn": 0
    },
    "0.23": {
      "accuracy": 0.49888641425389757,
      "fpr": 1.0,
      "tp": 224,
      "tn": 0,
      "fp": 225,
      "fn": 0
    },
    "0.24": {
      "accuracy": 0.49888641425389757,
      "fpr": 1.0,
      "tp": 224,
      "tn": 0,
      "fp": 225,
      "fn": 0
    },
    "0.25": {
      "accuracy": 0.49888641425389757,
      "fpr": 1.0,
      "tp": 224,
      "tn": 0,
      "fp": 225,
      "fn": 0
    },
    "0.26": {
      "accuracy": 0.49888641425389757,
      "fpr": 1.0,
      "tp": 224,
      "tn": 0,
      "fp": 225,
      "fn": 0
    },
    "0.27": {
      "accuracy": 0.49888641425389757,
      "fpr": 1.0,
      "tp": 224,
      "tn": 0,
      "fp": 225,
      "fn": 0
    },
    "0.28": {
      "accuracy": 0.49888641425389757,
      "fpr": 1.0,
      "tp": 224,
      "tn": 0,
      "fp": 225,
      "fn": 0
    },
    "0.29": {
      "accuracy": 0.49888641425389757,
      "fpr": 1.0,
      "tp": 224,
      "tn": 0,
      "fp": 225,
      "fn": 0
    },
    "0.3": {
      "accuracy": 0.49888641425389757,
      "fpr": 1.0,
      "tp": 224,
      "tn": 0,
      "fp": 225,
      "fn": 0
    },
    "0.31": {
      "accuracy": 0.49888641425389757,
      "fpr": 1.0,
      "tp": 224,
      "tn": 0,
      "fp": 225,
      "fn": 0
    },
    "0.32": {
      "accuracy": 0.49888641425389757,
      "fpr": 1.0,
      "tp": 224,
      "tn": 0,
      "fp": 225,
      "fn": 0
    },
    "0.33": {
      "accuracy": 0.49888641425389757,
      "fpr": 1.0,
      "tp": 224,
      "tn": 0,
      "fp": 225,
      "fn": 0
    },
    "0.34": {
      "accuracy": 0.49888641425389757,
      "fpr": 1.0,
      "tp": 224,
      "tn": 0,
      "fp": 225,
      "fn": 0
    },
    "0.35000000000000003": {
      "accuracy": 0.49888641425389757,
      "fpr": 1.0,
      "tp": 224,
      "tn": 0,
      "fp": 225,
      "fn": 0
    },
    "0.36": {
      "accuracy": 0.49888641425389757,
      "fpr": 1.0,
      "tp": 224,
      "tn": 0,
      "fp": 225,
      "fn": 0
    },
    "0.37": {
      "accuracy": 0.49888641425389757,
      "fpr": 1.0,
      "tp": 224,
      "tn": 0,
      "fp": 225,
      "fn": 0
    },
    "0.38": {
      "accuracy": 0.49888641425389757,
      "fpr": 1.0,
      "tp": 224,
      "tn": 0,
      "fp": 225,
      "fn": 0
    },
    "0.39": {
      "accuracy": 0.49888641425389757,
      "fpr": 1.0,
      "tp": 224,
      "tn": 0,
      "fp": 225,
      "fn": 0
    },
    "0.4": {
      "accuracy": 0.49888641425389757,
      "fpr": 1.0,
      "tp": 224,
      "tn": 0,
      "fp": 225,
      "fn": 0
    },
    "0.41000000000000003": {
      "accuracy": 0.49888641425389757,
      "fpr": 1.0,
      "tp": 224,
      "tn": 0,
      "fp": 225,
      "fn": 0
    },
    "0.42": {
      "accuracy": 0.49888641425389757,
      "fpr": 1.0,
      "tp": 224,
      "tn": 0,
      "fp": 225,
      "fn": 0
    },
    "0.43": {
      "accuracy": 0.49888641425389757,
      "fpr": 1.0,
      "tp": 224,
      "tn": 0,
      "fp": 225,
      "fn": 0
    },
    "0.44": {
      "accuracy": 0.49888641425389757,
      "fpr": 1.0,
      "tp": 224,
      "tn": 0,
      "fp": 225,
      "fn": 0
    },
    "0.45": {
      "accuracy": 0.49888641425389757,
      "fpr": 1.0,
      "tp": 224,
      "tn": 0,
      "fp": 225,
      "fn": 0
    },
    "0.46": {
      "accuracy": 0.49888641425389757,
      "fpr": 1.0,
      "tp": 224,
      "tn": 0,
      "fp": 225,
      "fn": 0
    },