{
  "stage": [
    1,
    1,
    1,
    1,
    1,
    2,
    2,
    2,
    2,
    2,
    2,
    2,
    2,
    2,
    2,
    2,
    2,
    2,
    2,
    2,
    2,
    2,
    2,
    2,
    2
  ],
  "train_loss": [
    0.9965672413659187,
    0.9217546953901139,
    0.8954271137034485,
    0.8846775512051673,
    0.8774155940393078,
    0.8629558188380397,
    0.8491322921709415,
    0.8414159079468295,
    0.8352216476496634,
    0.8330858648956502,
    0.8305799684597059,
    0.8297496442559101,
    0.8270454277557112,
    0.823937313184992,
    0.8251310345564505,
    0.8255251291360238,
    0.8247072227554176,
    0.8225210345290006,
    0.8251245686989773,
    0.8232924050931242,
    0.8235605466728428,
    0.822461095939571,
    0.8243611477060463,
    0.8218613023313732,
    0.8245050972858763
  ],
  "train_distill_loss": [
    1.1227365901035047,
    0.9267915217595408,
    0.8596980510555746,
    0.8278860427127591,
    0.8107215175157264,
    0.7664974004370179,
    0.7366699916328314,
    0.7244355253620293,
    0.7100829527405278,
    0.7152369756662347,
    0.7110609297743316,
    0.711783660681982,
    0.7043634752810228,
    0.705634280076045,
    0.7050745853226448,
    0.7068926966235665,
    0.7054498318030353,
    0.7018310693960226,
    0.7082292264178679,
    0.7027437635927599,
    0.7049310220964962,
    0.7024205587662672,
    0.7059978796275397,
    0.7028439361106307,
    0.7052975917950329
  ],
  "train_task_loss": [
    0.8703978899087289,
    0.9167178733267258,
    0.931156178504342,
    0.941469059357625,
    0.9441096731691759,
    0.9594142383722298,
    0.9615945955419721,
    0.958396289851729,
    0.9603603456183532,
    0.9509347515187789,
    0.9500990094114166,
    0.947715625166893,
    0.9497273826100527,
    0.9422403453874044,
    0.9451874814106032,
    0.944157559948729,
    0.9439646146143345,
    0.9432110011917557,
    0.9420199075805824,
    0.9438410443271521,
    0.9421900748753276,
    0.9425016341893845,
    0.9427244161245034,
    0.9408786753511248,
    0.9437126002837497
  ],
  "val_loss": [
    0.9748957110078711,
    0.9260687943090472,
    0.9083083428834614,
    0.8989055789353555,
    0.892372858628892,
    0.8698015610376993,
    0.8605403225672873,
    0.854870179243255,
    0.8518979314126467,
    0.8495565135228006,
    0.8478760551988033,
    0.8463297758186072,
    0.84506118977279,
    0.8444240501052455,
    0.8434819924203973,
    0.8429746946744752,
    0.8429406891789353,
    0.8425001956914601,
    0.8423864428411451,
    0.8423735295471392,
    0.8425345954142118,
    0.8418147323424356,
    0.841969712261568,
    0.841940407690249,
    0.8418857857846377
  ],
  "val_distill_loss": [
    0.8281017897421854,
    0.8180869462197287,
    0.8209792171653948,
    0.8187014026600018,
    0.8242593020723578,
    0.76561260380243,
    0.7611649658596307,
    0.7552723764327535,
    0.7636269388491648,
    0.7615303930483366,
    0.761985535161537,
    0.7581820901025805,
    0.7585292777471375,
    0.7592109399929381,
    0.7562710276821203,
    0.7557920546908128,
    0.7565744127097883,
    0.7569924462259862,
    0.7575471929290838,
    0.756602008091776,
    0.7574823618980876,
    0.7555196206820639,
    0.7572532583746994,
    0.757328494598991,
    0.7564881187781953
  ],
  "val_task_loss": [
    1.1216896422076643,
    1.034050644359045,
    0.9956374559224698,
    0.9791097502436554,
    0.9604864091726771,
    0.9739905135673389,
    0.9599156682951409,
    0.9544679844065717,
    0.9401689216233137,
    0.9375826217103422,
    0.9337665684390486,
    0.9344774730372847,
    0.9315931051969528,
    0.9296371633546394,
    0.9306929602957609,
    0.9301573338738659,
    0.9293069612038763,
    0.928007942804119,
    0.9272256851719137,
    0.9281450457740248,
    0.9275868278846406,
    0.9281098505384043,
    0.9266861703312188,
    0.9265523210429308,
    0.9272834439026681
  ],
  "val_acc": [
    0.49888641425389757,
    0.49888641425389757,
    0.49888641425389757,
    0.49888641425389757,
    0.49888641425389757,
    0.49888641425389757,
    0.49888641425389757,
    0.49888641425389757,
    0.49888641425389757,
    0.49888641425389757,
    0.49888641425389757,
    0.49888641425389757,
    0.49888641425389757,
    0.49888641425389757,
    0.49888641425389757,
    0.49888641425389757,
    0.49888641425389757,
    0.49888641425389757,
    0.49888641425389757,
    0.49888641425389757,
    0.49888641425389757,
    0.49888641425389757,
    0.49888641425389757,
    0.49888641425389757,
    0.49888641425389757
  ],
  "val_auc": [
    0.5083531746031746,
    0.5113194444444444,
    0.5114880952380954,
    0.5108333333333334,
    0.5108531746031746,
    0.5110515873015873,
    0.508888888888889,
    0.5073214285714287,
    0.5064285714285715,
    0.5070238095238095,
    0.5061507936507936,
    0.5063690476190477,
    0.5067460317460317,
    0.5064880952380952,
    0.5074107142857143,
    0.5076785714285714,
    0.5074801587301587,
    0.5076984126984128,
    0.5079761904761906,
    0.508095238095238,
    0.5077480158730159,
    0.5084325396825397,
    0.5079563492063492,
    0.5082440476190476,
    0.508095238095238
  ],
  "threshold_calibration": {
    "optimal_threshold": 0.84,
    "auc": 0.508095238095238,
    "diagnostics": {
      "threshold": 0.84,
      "metrics": {
        "accuracy": 0.5567928730512249,
        "precision": 0.6666666666666666,
        "recall": 0.22321428571428573,
        "f1": 0.33444816053511706,
        "fpr": 0.1111111111111111
      },
      "confusion_matrix": {
        "TP": 50,
        "TN": 200,
        "FP": 25,
        "FN": 174
      },
      "class_statistics": {
        "real": {
          "count": 225,
          "p_fake_mean": 0.8092176612218221,
          "p_fake_std": 0.02836213062077389,
          "p_fake_min": 0.5704173445701599,
          "p_fake_max": 0.8834231495857239
        },
        "fake": {
          "count": 224,
          "p_fake_mean": 0.8128971252590418,
          "p_fake_std": 0.03154668314087922,
          "p_fake_min": 0.7304424047470093,
          "p_fake_max": 0.9324344992637634
        }
      }
    }
  }
}